1,2020-01-01,2020,Jan,Wed,FALSE,FALSE
2,2020-01-02,2020,Jan,Thu,FALSE,FALSE
3,2020-01-03,2020,Jan,Fri,FALSE,FALSE
4,2020-01-04,2020,Jan,Sat,TRUE,FALSE
5,2020-01-05,2020,Jan,Sun,TRUE,FALSE
6,2020-01-06,2020,Jan,Mon,FALSE,FALSE
7,2020-01-07,2020,Jan,Tue,FALSE,FALSE
8,2020-01-08,2020,Jan,Wed,FALSE,FALSE
9,2020-01-09,2020,Jan,Thu,FALSE,FALSE
10,2020-01-10,2020,Jan,Fri,FALSE,FALSE
11,2020-01-11,2020,Jan,Sat,TRUE,FALSE
12,2020-01-12,2020,Jan,Sun,TRUE,FALSE
13,2020-01-13,2020,Jan,Mon,FALSE,FALSE
14,2020-01-14,2020,Jan,Tue,FALSE,FALSE
15,2020-01-15,2020,Jan,Wed,FALSE,FALSE
16,2020-01-16,2020,Jan,Thu,FALSE,FALSE
17,2020-01-17,2020,Jan,Fri,FALSE,FALSE
18,2020-01-18,2020,Jan,Sat,TRUE,FALSE
19,2020-01-19,2020,Jan,Sun,TRUE,FALSE
20,2020-01-20,2020,Jan,Mon,FALSE,FALSE
21,2020-01-21,2020,Jan,Tue,FALSE,FALSE
22,2020-01-22,2020,Jan,Wed,FALSE,FALSE
23,2020-01-23,2020,Jan,Thu,FALSE,FALSE
24,2020-01-24,2020,Jan,Fri,FALSE,FALSE
25,2020-01-25,2020,Jan,Sat,TRUE,FALSE
26,2020-01-26,2020,Jan,Sun,TRUE,FALSE
27,2020-01-27,2020,Jan,Mon,FALSE,FALSE
28,2020-01-28,2020,Jan,Tue,FALSE,FALSE
29,2020-01-29,2020,Jan,Wed,FALSE,FALSE
30,2020-01-30,2020,Jan,Thu,FALSE,FALSE
31,2020-01-31,2020,Jan,Fri,FALSE,FALSE
32,2020-02-01,2020,Feb,Sat,TRUE,FALSE
33,2020-02-02,2020,Feb,Sun,TRUE,FALSE
34,2020-02-03,2020,Feb,Mon,FALSE,FALSE
35,2020-02-04,2020,Feb,Tue,FALSE,FALSE
36,2020-02-05,2020,Feb,Wed,FALSE,FALSE
37,2020-02-06,2020,Feb,Thu,FALSE,FALSE
38,2020-02-07,2020,Feb,Fri,FALSE,FALSE
39,2020-02-08,2020,Feb,Sat,TRUE,FALSE
40,2020-02-09,2020,Feb,Sun,TRUE,FALSE
41,2020-02-10,2020,Feb,Mon,FALSE,FALSE
42,2020-02-11,2020,Feb,Tue,FALSE,FALSE
43,2020-02-12,2020,Feb,Wed,FALSE,FALSE
44,2020-02-13,2020,Feb,Thu,FALSE,FALSE
45,2020-02-14,2020,Feb,Fri,FALSE,FALSE
46,2020-02-15,2020,Feb,Sat,TRUE,FALSE
47,2020-02-16,2020,Feb,Sun,TRUE,FALSE
48,2020-02-17,2020,Feb,Mon,FALSE,FALSE
49,2020-02-18,2020,Feb,Tue,FALSE,FALSE
50,2020-02-19,2020,Feb,Wed,FALSE,FALSE
51,2020-02-20,2020,Feb,Thu,FALSE,FALSE
52,2020-02-21,2020,Feb,Fri,FALSE,FALSE
53,2020-02-22,2020,Feb,Sat,TRUE,FALSE
54,2020-02-23,2020,Feb,Sun,TRUE,FALSE
55,2020-02-24,2020,Feb,Mon,FALSE,FALSE
56,2020-02-25,2020,Feb,Tue,FALSE,FALSE
57,2020-02-26,2020,Feb,Wed,FALSE,FALSE
58,2020-02-27,2020,Feb,Thu,FALSE,FALSE
59,2020-02-28,2020,Feb,Fri,FALSE,FALSE
60,2020-02-29,2020,Feb,Sat,TRUE,FALSE
61,2020-03-01,2020,Mar,Sun,TRUE,FALSE
62,2020-03-02,2020,Mar,Mon,FALSE,FALSE
63,2020-03-03,2020,Mar,Tue,FALSE,FALSE
64,2020-03-04,2020,Mar,Wed,FALSE,FALSE
65,2020-03-05,2020,Mar,Thu,FALSE,FALSE
66,2020-03-06,2020,Mar,Fri,FALSE,FALSE
67,2020-03-07,2020,Mar,Sat,TRUE,FALSE
68,2020-03-08,2020,Mar,Sun,TRUE,FALSE
69,2020-03-09,2020,Mar,Mon,FALSE,FALSE
70,2020-03-10,2020,Mar,Tue,FALSE,FALSE
71,2020-03-11,2020,Mar,Wed,FALSE,FALSE
72,2020-03-12,2020,Mar,Thu,FALSE,FALSE
73,2020-03-13,2020,Mar,Fri,FALSE,FALSE
74,2020-03-14,2020,Mar,Sat,TRUE,FALSE
75,2020-03-15,2020,Mar,Sun,TRUE,FALSE
76,2020-03-16,2020,Mar,Mon,FALSE,FALSE
77,2020-03-17,2020,Mar,Tue,FALSE,FALSE
78,2020-03-18,2020,Mar,Wed,FALSE,FALSE
79,2020-03-19,2020,Mar,Thu,FALSE,FALSE
80,2020-03-20,2020,Mar,Fri,FALSE,FALSE
81,2020-03-21,2020,Mar,Sat,TRUE,FALSE
82,2020-03-22,2020,Mar,Sun,TRUE,FALSE
83,2020-03-23,2020,Mar,Mon,FALSE,FALSE
84,2020-03-24,2020,Mar,Tue,FALSE,FALSE
85,2020-03-25,2020,Mar,Wed,FALSE,FALSE
86,2020-03-26,2020,Mar,Thu,FALSE,FALSE
87,2020-03-27,2020,Mar,Fri,FALSE,FALSE
88,2020-03-28,2020,Mar,Sat,TRUE,FALSE
89,2020-03-29,2020,Mar,Sun,TRUE,FALSE
90,2020-03-30,2020,Mar,Mon,FALSE,FALSE
91,2020-03-31,2020,Mar,Tue,FALSE,FALSE
92,2020-04-01,2020,Apr,Wed,FALSE,FALSE
93,2020-04-02,2020,Apr,Thu,FALSE,FALSE
94,2020-04-03,2020,Apr,Fri,FALSE,FALSE
95,2020-04-04,2020,Apr,Sat,TRUE,FALSE
96,2020-04-05,2020,Apr,Sun,TRUE,FALSE
97,2020-04-06,2020,Apr,Mon,FALSE,FALSE
98,2020-04-07,2020,Apr,Tue,FALSE,FALSE
99,2020-04-08,2020,Apr,Wed,FALSE,FALSE
100,2020-04-09,2020,Apr,Thu,FALSE,FALSE
101,2020-04-10,2020,Apr,Fri,FALSE,FALSE
102,2020-04-11,2020,Apr,Sat,TRUE,FALSE
103,2020-04-12,2020,Apr,Sun,TRUE,FALSE
104,2020-04-13,2020,Apr,Mon,FALSE,FALSE
105,2020-04-14,2020,Apr,Tue,FALSE,FALSE
106,2020-04-15,2020,Apr,Wed,FALSE,FALSE
107,2020-04-16,2020,Apr,Thu,FALSE,FALSE
108,2020-04-17,2020,Apr,Fri,FALSE,FALSE
109,2020-04-18,2020,Apr,Sat,TRUE,FALSE
110,2020-04-19,2020,Apr,Sun,TRUE,FALSE
111,2020-04-20,2020,Apr,Mon,FALSE,FALSE
112,2020-04-21,2020,Apr,Tue,FALSE,FALSE
113,2020-04-22,2020,Apr,Wed,FALSE,FALSE
114,2020-04-23,2020,Apr,Thu,FALSE,FALSE
115,2020-04-24,2020,Apr,Fri,FALSE,FALSE
116,2020-04-25,2020,Apr,Sat,TRUE,FALSE
117,2020-04-26,2020,Apr,Sun,TRUE,FALSE
118,2020-04-27,2020,Apr,Mon,FALSE,FALSE
119,2020-04-28,2020,Apr,Tue,FALSE,FALSE
120,2020-04-29,2020,Apr,Wed,FALSE,FALSE
121,2020-04-30,2020,Apr,Thu,FALSE,FALSE
122,2020-05-01,2020,May,Fri,FALSE,FALSE
123,2020-05-02,2020,May,Sat,TRUE,FALSE
124,2020-05-03,2020,May,Sun,TRUE,FALSE
125,2020-05-04,2020,May,Mon,FALSE,FALSE
126,2020-05-05,2020,May,Tue,FALSE,FALSE
127,2020-05-06,2020,May,Wed,FALSE,FALSE
128,2020-05-07,2020,May,Thu,FALSE,FALSE
129,2020-05-08,2020,May,Fri,FALSE,FALSE
130,2020-05-09,2020,May,Sat,TRUE,FALSE
131,2020-05-10,2020,May,Sun,TRUE,FALSE
132,2020-05-11,2020,May,Mon,FALSE,FALSE
133,2020-05-12,2020,May,Tue,FALSE,FALSE
134,2020-05-13,2020,May,Wed,FALSE,FALSE
135,2020-05-14,2020,May,Thu,FALSE,FALSE
136,2020-05-15,2020,May,Fri,FALSE,FALSE
137,2020-05-16,2020,May,Sat,TRUE,FALSE
138,2020-05-17,2020,May,Sun,TRUE,FALSE
139,2020-05-18,2020,May,Mon,FALSE,FALSE
140,2020-05-19,2020,May,Tue,FALSE,FALSE
141,2020-05-20,2020,May,Wed,FALSE,FALSE
142,2020-05-21,2020,May,Thu,FALSE,FALSE
143,2020-05-22,2020,May,Fri,FALSE,FALSE
144,2020-05-23,2020,May,Sat,TRUE,FALSE
145,2020-05-24,2020,May,Sun,TRUE,FALSE
146,2020-05-25,2020,May,Mon,FALSE,FALSE
147,2020-05-26,2020,May,Tue,FALSE,FALSE
148,2020-05-27,2020,May,Wed,FALSE,FALSE
149,2020-05-28,2020,May,Thu,FALSE,FALSE
150,2020-05-29,2020,May,Fri,FALSE,FALSE
151,2020-05-30,2020,May,Sat,TRUE,FALSE
152,2020-05-31,2020,May,Sun,TRUE,FALSE
153,2020-06-01,2020,Jun,Mon,FALSE,FALSE
154,2020-06-02,2020,Jun,Tue,FALSE,FALSE
155,2020-06-03,2020,Jun,Wed,FALSE,FALSE
156,2020-06-04,2020,Jun,Thu,FALSE,FALSE
157,2020-06-05,2020,Jun,Fri,FALSE,FALSE
158,2020-06-06,2020,Jun,Sat,TRUE,FALSE
159,2020-06-07,2020,Jun,Sun,TRUE,FALSE
160,2020-06-08,2020,Jun,Mon,FALSE,FALSE
161,2020-06-09,2020,Jun,Tue,FALSE,FALSE
162,2020-06-10,2020,Jun,Wed,FALSE,FALSE
163,2020-06-11,2020,Jun,Thu,FALSE,FALSE
164,2020-06-12,2020,Jun,Fri,FALSE,FALSE
165,2020-06-13,2020,Jun,Sat,TRUE,FALSE
166,2020-06-14,2020,Jun,Sun,TRUE,FALSE
167,2020-06-15,2020,Jun,Mon,FALSE,FALSE
168,2020-06-16,2020,Jun,Tue,FALSE,FALSE
169,2020-06-17,2020,Jun,Wed,FALSE,FALSE
170,2020-06-18,2020,Jun,Thu,FALSE,FALSE
171,2020-06-19,2020,Jun,Fri,FALSE,FALSE
172,2020-06-20,2020,Jun,Sat,TRUE,FALSE
173,2020-06-21,2020,Jun,Sun,TRUE,FALSE
174,2020-06-22,2020,Jun,Mon,FALSE,FALSE
175,2020-06-23,2020,Jun,Tue,FALSE,FALSE
176,2020-06-24,2020,Jun,Wed,FALSE,FALSE
177,2020-06-25,2020,Jun,Thu,FALSE,FALSE
178,2020-06-26,2020,Jun,Fri,FALSE,FALSE
179,2020-06-27,2020,Jun,Sat,TRUE,FALSE
180,2020-06-28,2020,Jun,Sun,TRUE,FALSE
181,2020-06-29,2020,Jun,Mon,FALSE,FALSE
182,2020-06-30,2020,Jun,Tue,FALSE,FALSE
183,2020-07-01,2020,Jul,Wed,FALSE,FALSE
184,2020-07-02,2020,Jul,Thu,FALSE,FALSE
185,2020-07-03,2020,Jul,Fri,FALSE,FALSE
186,2020-07-04,2020,Jul,Sat,TRUE,FALSE
187,2020-07-05,2020,Jul,Sun,TRUE,FALSE
188,2020-07-06,2020,Jul,Mon,FALSE,FALSE
189,2020-07-07,2020,Jul,Tue,FALSE,FALSE
190,2020-07-08,2020,Jul,Wed,FALSE,FALSE
191,2020-07-09,2020,Jul,Thu,FALSE,FALSE
192,2020-07-10,2020,Jul,Fri,FALSE,FALSE
193,2020-07-11,2020,Jul,Sat,TRUE,FALSE
194,2020-07-12,2020,Jul,Sun,TRUE,FALSE
195,2020-07-13,2020,Jul,Mon,FALSE,FALSE
196,2020-07-14,2020,Jul,Tue,FALSE,FALSE
197,2020-07-15,2020,Jul,Wed,FALSE,FALSE
198,2020-07-16,2020,Jul,Thu,FALSE,FALSE
199,2020-07-17,2020,Jul,Fri,FALSE,FALSE
200,2020-07-18,2020,Jul,Sat,TRUE,FALSE
201,2020-07-19,2020,Jul,Sun,TRUE,FALSE
202,2020-07-20,2020,Jul,Mon,FALSE,FALSE
203,2020-07-21,2020,Jul,Tue,FALSE,FALSE
204,2020-07-22,2020,Jul,Wed,FALSE,FALSE
205,2020-07-23,2020,Jul,Thu,FALSE,FALSE
206,2020-07-24,2020,Jul,Fri,FALSE,FALSE
207,2020-07-25,2020,Jul,Sat,TRUE,FALSE
208,2020-07-26,2020,Jul,Sun,TRUE,FALSE
209,2020-07-27,2020,Jul,Mon,FALSE,FALSE
210,2020-07-28,2020,Jul,Tue,FALSE,FALSE
211,2020-07-29,2020,Jul,Wed,FALSE,FALSE
212,2020-07-30,2020,Jul,Thu,FALSE,FALSE
213,2020-07-31,2020,Jul,Fri,FALSE,FALSE
214,2020-08-01,2020,Aug,Sat,TRUE,FALSE
215,2020-08-02,2020,Aug,Sun,TRUE,FALSE
216,2020-08-03,2020,Aug,Mon,FALSE,FALSE
217,2020-08-04,2020,Aug,Tue,FALSE,FALSE
218,2020-08-05,2020,Aug,Wed,FALSE,FALSE
219,2020-08-06,2020,Aug,Thu,FALSE,FALSE
220,2020-08-07,2020,Aug,Fri,FALSE,FALSE
221,2020-08-08,2020,Aug,Sat,TRUE,FALSE
222,2020-08-09,2020,Aug,Sun,TRUE,FALSE
223,2020-08-10,2020,Aug,Mon,FALSE,FALSE
224,2020-08-11,2020,Aug,Tue,FALSE,FALSE
225,2020-08-12,2020,Aug,Wed,FALSE,FALSE
226,2020-08-13,2020,Aug,Thu,FALSE,FALSE
227,2020-08-14,2020,Aug,Fri,FALSE,FALSE
228,2020-08-15,2020,Aug,Sat,TRUE,FALSE
229,2020-08-16,2020,Aug,Sun,TRUE,FALSE
230,2020-08-17,2020,Aug,Mon,FALSE,FALSE
231,2020-08-18,2020,Aug,Tue,FALSE,FALSE
232,2020-08-19,2020,Aug,Wed,FALSE,FALSE
233,2020-08-20,2020,Aug,Thu,FALSE,FALSE
234,2020-08-21,2020,Aug,Fri,FALSE,FALSE
235,2020-08-22,2020,Aug,Sat,TRUE,FALSE
236,2020-08-23,2020,Aug,Sun,TRUE,FALSE
237,2020-08-24,2020,Aug,Mon,FALSE,FALSE
238,2020-08-25,2020,Aug,Tue,FALSE,FALSE
239,2020-08-26,2020,Aug,Wed,FALSE,FALSE
240,2020-08-27,2020,Aug,Thu,FALSE,FALSE
241,2020-08-28,2020,Aug,Fri,FALSE,FALSE
242,2020-08-29,2020,Aug,Sat,TRUE,FALSE
243,2020-08-30,2020,Aug,Sun,TRUE,FALSE
244,2020-08-31,2020,Aug,Mon,FALSE,FALSE
245,2020-09-01,2020,Sep,Tue,FALSE,FALSE
246,2020-09-02,2020,Sep,Wed,FALSE,FALSE
247,2020-09-03,2020,Sep,Thu,FALSE,FALSE
248,2020-09-04,2020,Sep,Fri,FALSE,FALSE
249,2020-09-05,2020,Sep,Sat,TRUE,FALSE
250,2020-09-06,2020,Sep,Sun,TRUE,FALSE
251,2020-09-07,2020,Sep,Mon,FALSE,FALSE
252,2020-09-08,2020,Sep,Tue,FALSE,FALSE
253,2020-09-09,2020,Sep,Wed,FALSE,FALSE
254,2020-09-10,2020,Sep,Thu,FALSE,FALSE
255,2020-09-11,2020,Sep,Fri,FALSE,FALSE
256,2020-09-12,2020,Sep,Sat,TRUE,FALSE
257,2020-09-13,2020,Sep,Sun,TRUE,FALSE
258,2020-09-14,2020,Sep,Mon,FALSE,FALSE
259,2020-09-15,2020,Sep,Tue,FALSE,FALSE
260,2020-09-16,2020,Sep,Wed,FALSE,FALSE
261,2020-09-17,2020,Sep,Thu,FALSE,FALSE
262,2020-09-18,2020,Sep,Fri,FALSE,FALSE
263,2020-09-19,2020,Sep,Sat,TRUE,FALSE
264,2020-09-20,2020,Sep,Sun,TRUE,FALSE
265,2020-09-21,2020,Sep,Mon,FALSE,FALSE
266,2020-09-22,2020,Sep,Tue,FALSE,FALSE
267,2020-09-23,2020,Sep,Wed,FALSE,FALSE
268,2020-09-24,2020,Sep,Thu,FALSE,FALSE
269,2020-09-25,2020,Sep,Fri,FALSE,FALSE
270,2020-09-26,2020,Sep,Sat,TRUE,FALSE
271,2020-09-27,2020,Sep,Sun,TRUE,FALSE
272,2020-09-28,2020,Sep,Mon,FALSE,FALSE
273,2020-09-29,2020,Sep,Tue,FALSE,FALSE
274,2020-09-30,2020,Sep,Wed,FALSE,FALSE
275,2020-10-01,2020,Oct,Thu,FALSE,FALSE
276,2020-10-02,2020,Oct,Fri,FALSE,FALSE
277,2020-10-03,2020,Oct,Sat,TRUE,FALSE
278,2020-10-04,2020,Oct,Sun,TRUE,FALSE
279,2020-10-05,2020,Oct,Mon,FALSE,FALSE
280,2020-10-06,2020,Oct,Tue,FALSE,FALSE
281,2020-10-07,2020,Oct,Wed,FALSE,FALSE
282,2020-10-08,2020,Oct,Thu,FALSE,FALSE
283,2020-10-09,2020,Oct,Fri,FALSE,FALSE
284,2020-10-10,2020,Oct,Sat,TRUE,FALSE
285,2020-10-11,2020,Oct,Sun,TRUE,FALSE
286,2020-10-12,2020,Oct,Mon,FALSE,FALSE
287,2020-10-13,2020,Oct,Tue,FALSE,FALSE
288,2020-10-14,2020,Oct,Wed,FALSE,FALSE
289,2020-10-15,2020,Oct,Thu,FALSE,FALSE
290,2020-10-16,2020,Oct,Fri,FALSE,FALSE
291,2020-10-17,2020,Oct,Sat,TRUE,FALSE
292,2020-10-18,2020,Oct,Sun,TRUE,FALSE
293,2020-10-19,2020,Oct,Mon,FALSE,FALSE
294,2020-10-20,2020,Oct,Tue,FALSE,FALSE
295,2020-10-21,2020,Oct,Wed,FALSE,FALSE
296,2020-10-22,2020,Oct,Thu,FALSE,FALSE
297,2020-10-23,2020,Oct,Fri,FALSE,FALSE
298,2020-10-24,2020,Oct,Sat,TRUE,FALSE
299,2020-10-25,2020,Oct,Sun,TRUE,FALSE
300,2020-10-26,2020,Oct,Mon,FALSE,FALSE
301,2020-10-27,2020,Oct,Tue,FALSE,FALSE
302,2020-10-28,2020,Oct,Wed,FALSE,FALSE
303,2020-10-29,2020,Oct,Thu,FALSE,FALSE
304,2020-10-30,2020,Oct,Fri,FALSE,FALSE
305,2020-10-31,2020,Oct,Sat,TRUE,FALSE
306,2020-11-01,2020,Nov,Sun,TRUE,FALSE
307,2020-11-02,2020,Nov,Mon,FALSE,FALSE
308,2020-11-03,2020,Nov,Tue,FALSE,FALSE
309,2020-11-04,2020,Nov,Wed,FALSE,FALSE
310,2020-11-05,2020,Nov,Thu,FALSE,FALSE
311,2020-11-06,2020,Nov,Fri,FALSE,FALSE
312,2020-11-07,2020,Nov,Sat,TRUE,FALSE
313,2020-11-08,2020,Nov,Sun,TRUE,FALSE
314,2020-11-09,2020,Nov,Mon,FALSE,FALSE
315,2020-11-10,2020,Nov,Tue,FALSE,FALSE
316,2020-11-11,2020,Nov,Wed,FALSE,FALSE
317,2020-11-12,2020,Nov,Thu,FALSE,FALSE
318,2020-11-13,2020,Nov,Fri,FALSE,FALSE
319,2020-11-14,2020,Nov,Sat,TRUE,FALSE
320,2020-11-15,2020,Nov,Sun,TRUE,FALSE
321,2020-11-16,2020,Nov,Mon,FALSE,FALSE
322,2020-11-17,2020,Nov,Tue,FALSE,FALSE
323,2020-11-18,2020,Nov,Wed,FALSE,FALSE
324,2020-11-19,2020,Nov,Thu,FALSE,FALSE
325,2020-11-20,2020,Nov,Fri,FALSE,FALSE
326,2020-11-21,2020,Nov,Sat,TRUE,FALSE
327,2020-11-22,2020,Nov,Sun,TRUE,FALSE
328,2020-11-23,2020,Nov,Mon,FALSE,FALSE
329,2020-11-24,2020,Nov,Tue,FALSE,FALSE
330,2020-11-25,2020,Nov,Wed,FALSE,FALSE
331,2020-11-26,2020,Nov,Thu,FALSE,FALSE
332,2020-11-27,2020,Nov,Fri,FALSE,FALSE
333,2020-11-28,2020,Nov,Sat,TRUE,FALSE
334,2020-11-29,2020,Nov,Sun,TRUE,FALSE
335,2020-11-30,2020,Nov,Mon,FALSE,FALSE
336,2020-12-01,2020,Dec,Tue,FALSE,FALSE
337,2020-12-02,2020,Dec,Wed,FALSE,FALSE
338,2020-12-03,2020,Dec,Thu,FALSE,FALSE
339,2020-12-04,2020,Dec,Fri,FALSE,FALSE
340,2020-12-05,2020,Dec,Sat,TRUE,FALSE
341,2020-12-06,2020,Dec,Sun,TRUE,FALSE
342,2020-12-07,2020,Dec,Mon,FALSE,FALSE
343,2020-12-08,2020,Dec,Tue,FALSE,FALSE
344,2020-12-09,2020,Dec,Wed,FALSE,FALSE
345,2020-12-10,2020,Dec,Thu,FALSE,FALSE
346,2020-12-11,2020,Dec,Fri,FALSE,FALSE
347,2020-12-12,2020,Dec,Sat,TRUE,FALSE
348,2020-12-13,2020,Dec,Sun,TRUE,FALSE
349,2020-12-14,2020,Dec,Mon,FALSE,FALSE
350,2020-12-15,2020,Dec,Tue,FALSE,FALSE
351,2020-12-16,2020,Dec,Wed,FALSE,FALSE
352,2020-12-17,2020,Dec,Thu,FALSE,FALSE
353,2020-12-18,2020,Dec,Fri,FALSE,FALSE
354,2020-12-19,2020,Dec,Sat,TRUE,FALSE
355,2020-12-20,2020,Dec,Sun,TRUE,FALSE
356,2020-12-21,2020,Dec,Mon,FALSE,FALSE
357,2020-12-22,2020,Dec,Tue,FALSE,FALSE
358,2020-12-23,2020,Dec,Wed,FALSE,FALSE
359,2020-12-24,2020,Dec,Thu,FALSE,FALSE
360,2020-12-25,2020,Dec,Fri,FALSE,FALSE
361,2020-12-26,2020,Dec,Sat,TRUE,FALSE
362,2020-12-27,2020,Dec,Sun,TRUE,FALSE
363,2020-12-28,2020,Dec,Mon,FALSE,FALSE
364,2020-12-29,2020,Dec,Tue,FALSE,FALSE
365,2020-12-30,2020,Dec,Wed,FALSE,FALSE
366,2020-12-31,2020,Dec,Thu,FALSE,FALSE
367,2021-01-01,2021,Jan,Fri,FALSE,FALSE
368,2021-01-02,2021,Jan,Sat,TRUE,FALSE
369,2021-01-03,2021,Jan,Sun,TRUE,FALSE
370,2021-01-04,2021,Jan,Mon,FALSE,FALSE
371,2021-01-05,2021,Jan,Tue,FALSE,FALSE
372,2021-01-06,2021,Jan,Wed,FALSE,FALSE
373,2021-01-07,2021,Jan,Thu,FALSE,FALSE
374,2021-01-08,2021,Jan,Fri,FALSE,FALSE
375,2021-01-09,2021,Jan,Sat,TRUE,FALSE
376,2021-01-10,2021,Jan,Sun,TRUE,FALSE
377,2021-01-11,2021,Jan,Mon,FALSE,FALSE
378,2021-01-12,2021,Jan,Tue,FALSE,FALSE
379,2021-01-13,2021,Jan,Wed,FALSE,FALSE
380,2021-01-14,2021,Jan,Thu,FALSE,FALSE
381,2021-01-15,2021,Jan,Fri,FALSE,FALSE
382,2021-01-16,2021,Jan,Sat,TRUE,FALSE
383,2021-01-17,2021,Jan,Sun,TRUE,FALSE
384,2021-01-18,2021,Jan,Mon,FALSE,FALSE
385,2021-01-19,2021,Jan,Tue,FALSE,FALSE
386,2021-01-20,2021,Jan,Wed,FALSE,FALSE
387,2021-01-21,2021,Jan,Thu,FALSE,FALSE
388,2021-01-22,2021,Jan,Fri,FALSE,FALSE
389,2021-01-23,2021,Jan,Sat,TRUE,FALSE
390,2021-01-24,2021,Jan,Sun,TRUE,FALSE
391,2021-01-25,2021,Jan,Mon,FALSE,FALSE
392,2021-01-26,2021,Jan,Tue,FALSE,FALSE
393,2021-01-27,2021,Jan,Wed,FALSE,FALSE
394,2021-01-28,2021,Jan,Thu,FALSE,FALSE
395,2021-01-29,2021,Jan,Fri,FALSE,FALSE
396,2021-01-30,2021,Jan,Sat,TRUE,FALSE
397,2021-01-31,2021,Jan,Sun,TRUE,FALSE
398,2021-02-01,2021,Feb,Mon,FALSE,FALSE
399,2021-02-02,2021,Feb,Tue,FALSE,FALSE
400,2021-02-03,2021,Feb,Wed,FALSE,FALSE
401,2021-02-04,2021,Feb,Thu,FALSE,FALSE
402,2021-02-05,2021,Feb,Fri,FALSE,FALSE
403,2021-02-06,2021,Feb,Sat,TRUE,FALSE
404,2021-02-07,2021,Feb,Sun,TRUE,FALSE
405,2021-02-08,2021,Feb,Mon,FALSE,FALSE
406,2021-02-09,2021,Feb,Tue,FALSE,FALSE
407,2021-02-10,2021,Feb,Wed,FALSE,FALSE
408,2021-02-11,2021,Feb,Thu,FALSE,FALSE
409,2021-02-12,2021,Feb,Fri,FALSE,FALSE
410,2021-02-13,2021,Feb,Sat,TRUE,FALSE
411,2021-02-14,2021,Feb,Sun,TRUE,FALSE
412,2021-02-15,2021,Feb,Mon,FALSE,FALSE
413,2021-02-16,2021,Feb,Tue,FALSE,FALSE
414,2021-02-17,2021,Feb,Wed,FALSE,FALSE
415,2021-02-18,2021,Feb,Thu,FALSE,FALSE
416,2021-02-19,2021,Feb,Fri,FALSE,FALSE
417,2021-02-20,2021,Feb,Sat,TRUE,FALSE
418,2021-02-21,2021,Feb,Sun,TRUE,FALSE
419,2021-02-22,2021,Feb,Mon,FALSE,FALSE
420,2021-02-23,2021,Feb,Tue,FALSE,FALSE
421,2021-02-24,2021,Feb,Wed,FALSE,FALSE
422,2021-02-25,2021,Feb,Thu,FALSE,FALSE
423,2021-02-26,2021,Feb,Fri,FALSE,FALSE
424,2021-02-27,2021,Feb,Sat,TRUE,FALSE
425,2021-02-28,2021,Feb,Sun,TRUE,FALSE
426,2021-03-01,2021,Mar,Mon,FALSE,FALSE
427,2021-03-02,2021,Mar,Tue,FALSE,FALSE
428,2021-03-03,2021,Mar,Wed,FALSE,FALSE
429,2021-03-04,2021,Mar,Thu,FALSE,FALSE
430,2021-03-05,2021,Mar,Fri,FALSE,FALSE
431,2021-03-06,2021,Mar,Sat,TRUE,FALSE
432,2021-03-07,2021,Mar,Sun,TRUE,FALSE
433,2021-03-08,2021,Mar,Mon,FALSE,FALSE
434,2021-03-09,2021,Mar,Tue,FALSE,FALSE
435,2021-03-10,2021,Mar,Wed,FALSE,FALSE
436,2021-03-11,2021,Mar,Thu,FALSE,FALSE
437,2021-03-12,2021,Mar,Fri,FALSE,FALSE
438,2021-03-13,2021,Mar,Sat,TRUE,FALSE
439,2021-03-14,2021,Mar,Sun,TRUE,FALSE
440,2021-03-15,2021,Mar,Mon,FALSE,FALSE
441,2021-03-16,2021,Mar,Tue,FALSE,FALSE
442,2021-03-17,2021,Mar,Wed,FALSE,FALSE
443,2021-03-18,2021,Mar,Thu,FALSE,FALSE
444,2021-03-19,2021,Mar,Fri,FALSE,FALSE
445,2021-03-20,2021,Mar,Sat,TRUE,FALSE
446,2021-03-21,2021,Mar,Sun,TRUE,FALSE
447,2021-03-22,2021,Mar,Mon,FALSE,FALSE
448,2021-03-23,2021,Mar,Tue,FALSE,FALSE
449,2021-03-24,2021,Mar,Wed,FALSE,FALSE
450,2021-03-25,2021,Mar,Thu,FALSE,FALSE
451,2021-03-26,2021,Mar,Fri,FALSE,FALSE
452,2021-03-27,2021,Mar,Sat,TRUE,FALSE
453,2021-03-28,2021,Mar,Sun,TRUE,FALSE
454,2021-03-29,2021,Mar,Mon,FALSE,FALSE
455,2021-03-30,2021,Mar,Tue,FALSE,FALSE
456,2021-03-31,2021,Mar,Wed,FALSE,FALSE
457,2021-04-01,2021,Apr,Thu,FALSE,FALSE
458,2021-04-02,2021,Apr,Fri,FALSE,FALSE
459,2021-04-03,2021,Apr,Sat,TRUE,FALSE
460,2021-04-04,2021,Apr,Sun,TRUE,FALSE
461,2021-04-05,2021,Apr,Mon,FALSE,FALSE
462,2021-04-06,2021,Apr,Tue,FALSE,FALSE
463,2021-04-07,2021,Apr,Wed,FALSE,FALSE
464,2021-04-08,2021,Apr,Thu,FALSE,FALSE
465,2021-04-09,2021,Apr,Fri,FALSE,FALSE
466,2021-04-10,2021,Apr,Sat,TRUE,FALSE
467,2021-04-11,2021,Apr,Sun,TRUE,FALSE
468,2021-04-12,2021,Apr,Mon,FALSE,FALSE
469,2021-04-13,2021,Apr,Tue,FALSE,FALSE
470,2021-04-14,2021,Apr,Wed,FALSE,FALSE
471,2021-04-15,2021,Apr,Thu,FALSE,FALSE
472,2021-04-16,2021,Apr,Fri,FALSE,FALSE
473,2021-04-17,2021,Apr,Sat,TRUE,FALSE
474,2021-04-18,2021,Apr,Sun,TRUE,FALSE
475,2021-04-19,2021,Apr,Mon,FALSE,FALSE
476,2021-04-20,2021,Apr,Tue,FALSE,FALSE
477,2021-04-21,2021,Apr,Wed,FALSE,FALSE
478,2021-04-22,2021,Apr,Thu,FALSE,FALSE
479,2021-04-23,2021,Apr,Fri,FALSE,FALSE
480,2021-04-24,2021,Apr,Sat,TRUE,FALSE
481,2021-04-25,2021,Apr,Sun,TRUE,FALSE
482,2021-04-26,2021,Apr,Mon,FALSE,FALSE
483,2021-04-27,2021,Apr,Tue,FALSE,FALSE
484,2021-04-28,2021,Apr,Wed,FALSE,FALSE
485,2021-04-29,2021,Apr,Thu,FALSE,FALSE
486,2021-04-30,2021,Apr,Fri,FALSE,FALSE
487,2021-05-01,2021,May,Sat,TRUE,FALSE
488,2021-05-02,2021,May,Sun,TRUE,FALSE
489,2021-05-03,2021,May,Mon,FALSE,FALSE
490,2021-05-04,2021,May,Tue,FALSE,FALSE
491,2021-05-05,2021,May,Wed,FALSE,FALSE
492,2021-05-06,2021,May,Thu,FALSE,FALSE
493,2021-05-07,2021,May,Fri,FALSE,FALSE
494,2021-05-08,2021,May,Sat,TRUE,FALSE
495,2021-05-09,2021,May,Sun,TRUE,FALSE
496,2021-05-10,2021,May,Mon,FALSE,FALSE
497,2021-05-11,2021,May,Tue,FALSE,FALSE
498,2021-05-12,2021,May,Wed,FALSE,FALSE
499,2021-05-13,2021,May,Thu,FALSE,FALSE
500,2021-05-14,2021,May,Fri,FALSE,FALSE
501,2021-05-15,2021,May,Sat,TRUE,FALSE
502,2021-05-16,2021,May,Sun,TRUE,FALSE
503,2021-05-17,2021,May,Mon,FALSE,FALSE
504,2021-05-18,2021,May,Tue,FALSE,FALSE
505,2021-05-19,2021,May,Wed,FALSE,FALSE
506,2021-05-20,2021,May,Thu,FALSE,FALSE
507,2021-05-21,2021,May,Fri,FALSE,FALSE
508,2021-05-22,2021,May,Sat,TRUE,FALSE
509,2021-05-23,2021,May,Sun,TRUE,FALSE
510,2021-05-24,2021,May,Mon,FALSE,FALSE
511,2021-05-25,2021,May,Tue,FALSE,FALSE
512,2021-05-26,2021,May,Wed,FALSE,FALSE
513,2021-05-27,2021,May,Thu,FALSE,FALSE
514,2021-05-28,2021,May,Fri,FALSE,FALSE
515,2021-05-29,2021,May,Sat,TRUE,FALSE
516,2021-05-30,2021,May,Sun,TRUE,FALSE
517,2021-05-31,2021,May,Mon,FALSE,FALSE
518,2021-06-01,2021,Jun,Tue,FALSE,FALSE
519,2021-06-02,2021,Jun,Wed,FALSE,FALSE
520,2021-06-03,2021,Jun,Thu,FALSE,FALSE
521,2021-06-04,2021,Jun,Fri,FALSE,FALSE
522,2021-06-05,2021,Jun,Sat,TRUE,FALSE
523,2021-06-06,2021,Jun,Sun,TRUE,FALSE
524,2021-06-07,2021,Jun,Mon,FALSE,FALSE
525,2021-06-08,2021,Jun,Tue,FALSE,FALSE
526,2021-06-09,2021,Jun,Wed,FALSE,FALSE
527,2021-06-10,2021,Jun,Thu,FALSE,FALSE
528,2021-06-11,2021,Jun,Fri,FALSE,FALSE
529,2021-06-12,2021,Jun,Sat,TRUE,FALSE
530,2021-06-13,2021,Jun,Sun,TRUE,FALSE
531,2021-06-14,2021,Jun,Mon,FALSE,FALSE
532,2021-06-15,2021,Jun,Tue,FALSE,FALSE
533,2021-06-16,2021,Jun,Wed,FALSE,FALSE
534,2021-06-17,2021,Jun,Thu,FALSE,FALSE
535,2021-06-18,2021,Jun,Fri,FALSE,FALSE
536,2021-06-19,2021,Jun,Sat,TRUE,FALSE
537,2021-06-20,2021,Jun,Sun,TRUE,FALSE
538,2021-06-21,2021,Jun,Mon,FALSE,FALSE
539,2021-06-22,2021,Jun,Tue,FALSE,FALSE
540,2021-06-23,2021,Jun,Wed,FALSE,FALSE
541,2021-06-24,2021,Jun,Thu,FALSE,FALSE
542,2021-06-25,2021,Jun,Fri,FALSE,FALSE
543,2021-06-26,2021,Jun,Sat,TRUE,FALSE
544,2021-06-27,2021,Jun,Sun,TRUE,FALSE
545,2021-06-28,2021,Jun,Mon,FALSE,FALSE
546,2021-06-29,2021,Jun,Tue,FALSE,FALSE
547,2021-06-30,2021,Jun,Wed,FALSE,FALSE
548,2021-07-01,2021,Jul,Thu,FALSE,FALSE
549,2021-07-02,2021,Jul,Fri,FALSE,FALSE
550,2021-07-03,2021,Jul,Sat,TRUE,FALSE
551,2021-07-04,2021,Jul,Sun,TRUE,FALSE
552,2021-07-05,2021,Jul,Mon,FALSE,FALSE
553,2021-07-06,2021,Jul,Tue,FALSE,FALSE
554,2021-07-07,2021,Jul,Wed,FALSE,FALSE
555,2021-07-08,2021,Jul,Thu,FALSE,FALSE
556,2021-07-09,2021,Jul,Fri,FALSE,FALSE
557,2021-07-10,2021,Jul,Sat,TRUE,FALSE
558,2021-07-11,2021,Jul,Sun,TRUE,FALSE
559,2021-07-12,2021,Jul,Mon,FALSE,FALSE
560,2021-07-13,2021,Jul,Tue,FALSE,FALSE
561,2021-07-14,2021,Jul,Wed,FALSE,FALSE
562,2021-07-15,2021,Jul,Thu,FALSE,FALSE
563,2021-07-16,2021,Jul,Fri,FALSE,FALSE
564,2021-07-17,2021,Jul,Sat,TRUE,FALSE
565,2021-07-18,2021,Jul,Sun,TRUE,FALSE
566,2021-07-19,2021,Jul,Mon,FALSE,FALSE
567,2021-07-20,2021,Jul,Tue,FALSE,FALSE
568,2021-07-21,2021,Jul,Wed,FALSE,FALSE
569,2021-07-22,2021,Jul,Thu,FALSE,FALSE
570,2021-07-23,2021,Jul,Fri,FALSE,FALSE
571,2021-07-24,2021,Jul,Sat,TRUE,FALSE
572,2021-07-25,2021,Jul,Sun,TRUE,FALSE
573,2021-07-26,2021,Jul,Mon,FALSE,FALSE
574,2021-07-27,2021,Jul,Tue,FALSE,FALSE
575,2021-07-28,2021,Jul,Wed,FALSE,FALSE
576,2021-07-29,2021,Jul,Thu,FALSE,FALSE
577,2021-07-30,2021,Jul,Fri,FALSE,FALSE
578,2021-07-31,2021,Jul,Sat,TRUE,FALSE
579,2021-08-01,2021,Aug,Sun,TRUE,FALSE
580,2021-08-02,2021,Aug,Mon,FALSE,FALSE
581,2021-08-03,2021,Aug,Tue,FALSE,FALSE
582,2021-08-04,2021,Aug,Wed,FALSE,FALSE
583,2021-08-05,2021,Aug,Thu,FALSE,FALSE
584,2021-08-06,2021,Aug,Fri,FALSE,FALSE
585,2021-08-07,2021,Aug,Sat,TRUE,FALSE
586,2021-08-08,2021,Aug,Sun,TRUE,FALSE
587,2021-08-09,2021,Aug,Mon,FALSE,FALSE
588,2021-08-10,2021,Aug,Tue,FALSE,FALSE
589,2021-08-11,2021,Aug,Wed,FALSE,FALSE
590,2021-08-12,2021,Aug,Thu,FALSE,FALSE
591,2021-08-13,2021,Aug,Fri,FALSE,FALSE
592,2021-08-14,2021,Aug,Sat,TRUE,FALSE
593,2021-08-15,2021,Aug,Sun,TRUE,FALSE
594,2021-08-16,2021,Aug,Mon,FALSE,FALSE
595,2021-08-17,2021,Aug,Tue,FALSE,FALSE
596,2021-08-18,2021,Aug,Wed,FALSE,FALSE
597,2021-08-19,2021,Aug,Thu,FALSE,FALSE
598,2021-08-20,2021,Aug,Fri,FALSE,FALSE
599,2021-08-21,2021,Aug,Sat,TRUE,FALSE
600,2021-08-22,2021,Aug,Sun,TRUE,FALSE
601,2021-08-23,2021,Aug,Mon,FALSE,FALSE
602,2021-08-24,2021,Aug,Tue,FALSE,FALSE
603,2021-08-25,2021,Aug,Wed,FALSE,FALSE
604,2021-08-26,2021,Aug,Thu,FALSE,FALSE
605,2021-08-27,2021,Aug,Fri,FALSE,FALSE
606,2021-08-28,2021,Aug,Sat,TRUE,FALSE
607,2021-08-29,2021,Aug,Sun,TRUE,FALSE
608,2021-08-30,2021,Aug,Mon,FALSE,FALSE
609,2021-08-31,2021,Aug,Tue,FALSE,FALSE
610,2021-09-01,2021,Sep,Wed,FALSE,FALSE
611,2021-09-02,2021,Sep,Thu,FALSE,FALSE
612,2021-09-03,2021,Sep,Fri,FALSE,FALSE
613,2021-09-04,2021,Sep,Sat,TRUE,FALSE
614,2021-09-05,2021,Sep,Sun,TRUE,FALSE
615,2021-09-06,2021,Sep,Mon,FALSE,FALSE
616,2021-09-07,2021,Sep,Tue,FALSE,FALSE
617,2021-09-08,2021,Sep,Wed,FALSE,FALSE
618,2021-09-09,2021,Sep,Thu,FALSE,FALSE
619,2021-09-10,2021,Sep,Fri,FALSE,FALSE
620,2021-09-11,2021,Sep,Sat,TRUE,FALSE
621,2021-09-12,2021,Sep,Sun,TRUE,FALSE
622,2021-09-13,2021,Sep,Mon,FALSE,FALSE
623,2021-09-14,2021,Sep,Tue,FALSE,FALSE
624,2021-09-15,2021,Sep,Wed,FALSE,FALSE
625,2021-09-16,2021,Sep,Thu,FALSE,FALSE
626,2021-09-17,2021,Sep,Fri,FALSE,FALSE
627,2021-09-18,2021,Sep,Sat,TRUE,FALSE
628,2021-09-19,2021,Sep,Sun,TRUE,FALSE
629,2021-09-20,2021,Sep,Mon,FALSE,FALSE
630,2021-09-21,2021,Sep,Tue,FALSE,FALSE
631,2021-09-22,2021,Sep,Wed,FALSE,FALSE
632,2021-09-23,2021,Sep,Thu,FALSE,FALSE
633,2021-09-24,2021,Sep,Fri,FALSE,FALSE
634,2021-09-25,2021,Sep,Sat,TRUE,FALSE
635,2021-09-26,2021,Sep,Sun,TRUE,FALSE
636,2021-09-27,2021,Sep,Mon,FALSE,FALSE
637,2021-09-28,2021,Sep,Tue,FALSE,FALSE
638,2021-09-29,2021,Sep,Wed,FALSE,FALSE
639,2021-09-30,2021,Sep,Thu,FALSE,FALSE
640,2021-10-01,2021,Oct,Fri,FALSE,FALSE
641,2021-10-02,2021,Oct,Sat,TRUE,FALSE
642,2021-10-03,2021,Oct,Sun,TRUE,FALSE
643,2021-10-04,2021,Oct,Mon,FALSE,FALSE
644,2021-10-05,2021,Oct,Tue,FALSE,FALSE
645,2021-10-06,2021,Oct,Wed,FALSE,FALSE
646,2021-10-07,2021,Oct,Thu,FALSE,FALSE
647,2021-10-08,2021,Oct,Fri,FALSE,FALSE
648,2021-10-09,2021,Oct,Sat,TRUE,FALSE
649,2021-10-10,2021,Oct,Sun,TRUE,FALSE
650,2021-10-11,2021,Oct,Mon,FALSE,FALSE
651,2021-10-12,2021,Oct,Tue,FALSE,FALSE
652,2021-10-13,2021,Oct,Wed,FALSE,FALSE
653,2021-10-14,2021,Oct,Thu,FALSE,FALSE
654,2021-10-15,2021,Oct,Fri,FALSE,FALSE
655,2021-10-16,2021,Oct,Sat,TRUE,FALSE
656,2021-10-17,2021,Oct,Sun,TRUE,FALSE
657,2021-10-18,2021,Oct,Mon,FALSE,FALSE
658,2021-10-19,2021,Oct,Tue,FALSE,FALSE
659,2021-10-20,2021,Oct,Wed,FALSE,FALSE
660,2021-10-21,2021,Oct,Thu,FALSE,FALSE
661,2021-10-22,2021,Oct,Fri,FALSE,FALSE
662,2021-10-23,2021,Oct,Sat,TRUE,FALSE
663,2021-10-24,2021,Oct,Sun,TRUE,FALSE
664,2021-10-25,2021,Oct,Mon,FALSE,FALSE
665,2021-10-26,2021,Oct,Tue,FALSE,FALSE
666,2021-10-27,2021,Oct,Wed,FALSE,FALSE
667,2021-10-28,2021,Oct,Thu,FALSE,FALSE
668,2021-10-29,2021,Oct,Fri,FALSE,FALSE
669,2021-10-30,2021,Oct,Sat,TRUE,FALSE
670,2021-10-31,2021,Oct,Sun,TRUE,FALSE
671,2021-11-01,2021,Nov,Mon,FALSE,FALSE
672,2021-11-02,2021,Nov,Tue,FALSE,FALSE
673,2021-11-03,2021,Nov,Wed,FALSE,FALSE
674,2021-11-04,2021,Nov,Thu,FALSE,FALSE
675,2021-11-05,2021,Nov,Fri,FALSE,FALSE
676,2021-11-06,2021,Nov,Sat,TRUE,FALSE
677,2021-11-07,2021,Nov,Sun,TRUE,FALSE
678,2021-11-08,2021,Nov,Mon,FALSE,FALSE
679,2021-11-09,2021,Nov,Tue,FALSE,FALSE
680,2021-11-10,2021,Nov,Wed,FALSE,FALSE
681,2021-11-11,2021,Nov,Thu,FALSE,FALSE
682,2021-11-12,2021,Nov,Fri,FALSE,FALSE
683,2021-11-13,2021,Nov,Sat,TRUE,FALSE
684,2021-11-14,2021,Nov,Sun,TRUE,FALSE
685,2021-11-15,2021,Nov,Mon,FALSE,FALSE
686,2021-11-16,2021,Nov,Tue,FALSE,FALSE
687,2021-11-17,2021,Nov,Wed,FALSE,FALSE
688,2021-11-18,2021,Nov,Thu,FALSE,FALSE
689,2021-11-19,2021,Nov,Fri,FALSE,FALSE
690,2021-11-20,2021,Nov,Sat,TRUE,FALSE
691,2021-11-21,2021,Nov,Sun,TRUE,FALSE
692,2021-11-22,2021,Nov,Mon,FALSE,FALSE
693,2021-11-23,2021,Nov,Tue,FALSE,FALSE
694,2021-11-24,2021,Nov,Wed,FALSE,FALSE
695,2021-11-25,2021,Nov,Thu,FALSE,FALSE
696,2021-11-26,2021,Nov,Fri,FALSE,FALSE
697,2021-11-27,2021,Nov,Sat,TRUE,FALSE
698,2021-11-28,2021,Nov,Sun,TRUE,FALSE
699,2021-11-29,2021,Nov,Mon,FALSE,FALSE
